timestamp,sensor,value,voltage
"2021-10-26 11:10:34.104627",C1,656.0,2.11612903225806
"2021-10-26 11:10:34.104627",C2,655.0,2.11290322580645
"2021-10-26 11:10:34.104627",C3,647.0,2.08709677419355
"2021-10-26 11:10:34.104627",C4,661.0,2.13225806451613
"2021-10-26 11:10:34.104627",C5,651.0,2.1
"2021-10-26 11:10:34.104627",C6,660.0,2.12903225806452
"2021-10-26 11:10:34.104627",C7,646.0,2.08387096774194
"2021-10-26 11:10:34.104627",C8,653.0,2.10645161290323
"2021-10-26 11:10:34.104627",C9,655.0,2.11290322580645
"2021-10-26 11:10:34.104627",C10,655.0,2.11612903225806
"2021-10-26 11:10:39.193743",C1,656.0,2.11612903225806
"2021-10-26 11:10:39.193743",C2,655.0,2.11290322580645
"2021-10-26 11:10:39.193743",C3,647.0,2.08709677419355
"2021-10-26 11:10:39.193743",C4,661.0,2.13225806451613
"2021-10-26 11:10:39.193743",C5,651.0,2.1
"2021-10-26 11:10:39.193743",C6,659.0,2.1258064516129
"2021-10-26 11:10:39.193743",C7,647.0,2.09032258064516
"2021-10-26 11:10:39.193743",C8,653.0,2.10322580645161
"2021-10-26 11:10:39.193743",C9,655.0,2.11290322580645
"2021-10-26 11:10:39.193743",C10,656.0,2.11612903225806
"2021-10-26 11:10:44.281238",C1,656.0,2.11612903225806
"2021-10-26 11:10:44.281238",C2,655.0,2.11290322580645
"2021-10-26 11:10:44.281238",C3,647.0,2.08709677419355
"2021-10-26 11:10:44.281238",C4,661.0,2.13225806451613
"2021-10-26 11:10:44.281238",C5,651.0,2.1
"2021-10-26 11:10:44.281238",C6,660.0,2.12903225806452
"2021-10-26 11:10:44.281238",C7,648.0,2.09032258064516
"2021-10-26 11:10:44.281238",C8,653.0,2.10645161290323
"2021-10-26 11:10:44.281238",C9,655.0,2.11290322580645
"2021-10-26 11:10:44.281238",C10,656.0,2.11612903225806
"2021-10-26 11:10:49.368449",C1,656.0,2.11612903225806
"2021-10-26 11:10:49.368449",C2,655.0,2.11290322580645
"2021-10-26 11:10:49.368449",C3,647.0,2.08709677419355
"2021-10-26 11:10:49.368449",C4,661.0,2.13225806451613
"2021-10-26 11:10:49.368449",C5,651.0,2.09677419354839
"2021-10-26 11:10:49.368449",C6,659.0,2.12903225806452
"2021-10-26 11:10:49.368449",C7,648.0,2.09032258064516
"2021-10-26 11:10:49.368449",C8,653.0,2.10645161290323
"2021-10-26 11:10:49.368449",C9,655.0,2.11290322580645
"2021-10-26 11:10:49.368449",C10,656.0,2.11612903225806
"2021-10-26 11:10:54.489269",C1,656.0,2.11612903225806
"2021-10-26 11:10:54.489269",C2,655.0,2.11290322580645
"2021-10-26 11:10:54.489269",C3,647.0,2.08709677419355
"2021-10-26 11:10:54.489269",C4,661.0,2.13225806451613
"2021-10-26 11:10:54.489269",C5,651.0,2.1
"2021-10-26 11:10:54.489269",C6,659.0,2.1258064516129
"2021-10-26 11:10:54.489269",C7,648.0,2.08709677419355
"2021-10-26 11:10:54.489269",C8,653.0,2.10645161290323
"2021-10-26 11:10:54.489269",C9,655.0,2.11290322580645
"2021-10-26 11:10:54.489269",C10,656.0,2.11612903225806
"2021-10-26 11:10:59.614628",C1,656.0,2.11612903225806
"2021-10-26 11:10:59.614628",C2,655.0,2.11290322580645
"2021-10-26 11:10:59.614628",C3,647.0,2.08709677419355
"2021-10-26 11:10:59.614628",C4,661.0,2.13225806451613
"2021-10-26 11:10:59.614628",C5,651.0,2.1
"2021-10-26 11:10:59.614628",C6,660.0,2.1258064516129
"2021-10-26 11:10:59.614628",C7,648.0,2.08709677419355
"2021-10-26 11:10:59.614628",C8,653.0,2.10645161290323
"2021-10-26 11:10:59.614628",C9,655.0,2.11290322580645
"2021-10-26 11:10:59.614628",C10,656.0,2.11612903225806
"2021-10-26 11:11:04.704223",C1,656.0,2.11612903225806
"2021-10-26 11:11:04.704223",C2,655.0,2.11290322580645
"2021-10-26 11:11:04.704223",C3,647.0,2.08709677419355
"2021-10-26 11:11:04.704223",C4,661.0,2.13225806451613
"2021-10-26 11:11:04.704223",C5,651.0,2.1
"2021-10-26 11:11:04.704223",C6,660.0,2.12903225806452
"2021-10-26 11:11:04.704223",C7,647.0,2.09032258064516
"2021-10-26 11:11:04.704223",C8,653.0,2.10645161290323
"2021-10-26 11:11:04.704223",C9,655.0,2.11290322580645
"2021-10-26 11:11:04.704223",C10,656.0,2.11612903225806
"2021-10-26 11:11:09.795648",C1,656.0,2.11612903225806
"2021-10-26 11:11:09.795648",C2,655.0,2.11290322580645
"2021-10-26 11:11:09.795648",C3,647.0,2.08709677419355
"2021-10-26 11:11:09.795648",C4,661.0,2.13225806451613
"2021-10-26 11:11:09.795648",C5,651.0,2.1
"2021-10-26 11:11:09.795648",C6,659.0,2.1258064516129
"2021-10-26 11:11:09.795648",C7,647.0,2.08709677419355
"2021-10-26 11:11:09.795648",C8,652.0,2.10322580645161
"2021-10-26 11:11:09.795648",C9,655.0,2.11290322580645
"2021-10-26 11:11:09.795648",C10,656.0,2.11612903225806
"2021-10-26 11:11:14.889413",C1,656.0,2.11612903225806
"2021-10-26 11:11:14.889413",C2,655.0,2.11290322580645
"2021-10-26 11:11:14.889413",C3,647.0,2.08709677419355
"2021-10-26 11:11:14.889413",C4,661.0,2.13225806451613
"2021-10-26 11:11:14.889413",C5,651.0,2.1
"2021-10-26 11:11:14.889413",C6,660.0,2.1258064516129
"2021-10-26 11:11:14.889413",C7,647.0,2.08709677419355
"2021-10-26 11:11:14.889413",C8,653.0,2.10645161290323
"2021-10-26 11:11:14.889413",C9,655.0,2.11290322580645
"2021-10-26 11:11:14.889413",C10,656.0,2.11612903225806
"2021-10-26 11:11:19.975349",C1,656.0,2.11612903225806
"2021-10-26 11:11:19.975349",C2,655.0,2.11290322580645
"2021-10-26 11:11:19.975349",C3,646.0,2.08709677419355
"2021-10-26 11:11:19.975349",C4,661.0,2.13225806451613
"2021-10-26 11:11:19.975349",C5,651.0,2.1
"2021-10-26 11:11:19.975349",C6,659.0,2.12903225806452
"2021-10-26 11:11:19.975349",C7,647.0,2.08709677419355
"2021-10-26 11:11:19.975349",C8,652.0,2.10322580645161
"2021-10-26 11:11:19.975349",C9,655.0,2.11290322580645
"2021-10-26 11:11:19.975349",C10,656.0,2.11612903225806
"2021-10-26 11:11:25.063123",C1,656.0,2.11612903225806
"2021-10-26 11:11:25.063123",C2,655.0,2.11290322580645
"2021-10-26 11:11:25.063123",C3,647.0,2.08709677419355
"2021-10-26 11:11:25.063123",C4,661.0,2.13225806451613
"2021-10-26 11:11:25.063123",C5,651.0,2.1
"2021-10-26 11:11:25.063123",C6,660.0,2.1258064516129
"2021-10-26 11:11:25.063123",C7,647.0,2.08709677419355
"2021-10-26 11:11:25.063123",C8,653.0,2.10322580645161
"2021-10-26 11:11:25.063123",C9,655.0,2.11290322580645
"2021-10-26 11:11:25.063123",C10,656.0,2.11612903225806
"2021-10-26 11:11:30.153033",C1,656.0,2.11612903225806
"2021-10-26 11:11:30.153033",C2,655.0,2.11290322580645
"2021-10-26 11:11:30.153033",C3,647.0,2.08709677419355
"2021-10-26 11:11:30.153033",C4,661.0,2.13225806451613
"2021-10-26 11:11:30.153033",C5,651.0,2.1
"2021-10-26 11:11:30.153033",C6,659.0,2.1258064516129
"2021-10-26 11:11:30.153033",C7,647.0,2.08709677419355
"2021-10-26 11:11:30.153033",C8,652.0,2.10322580645161
"2021-10-26 11:11:30.153033",C9,655.0,2.11290322580645
"2021-10-26 11:11:30.153033",C10,656.0,2.11290322580645
"2021-10-26 11:36:06.031554",C1,604.0,1.94838709677419
"2021-10-26 11:36:06.031554",C2,562.0,1.81290322580645
"2021-10-26 11:36:06.031554",C3,584.0,1.88387096774194
"2021-10-26 11:36:06.031554",C4,610.0,1.96774193548387
"2021-10-26 11:36:06.031554",C5,549.0,1.77096774193548
"2021-10-26 11:36:06.031554",C6,583.0,1.88064516129032
"2021-10-26 11:36:06.031554",C7,601.0,1.93870967741935
"2021-10-26 11:36:06.031554",C8,568.0,1.83225806451613
"2021-10-26 11:36:06.031554",C9,601.0,1.93870967741935
"2021-10-26 11:36:06.031554",C10,605.0,1.95161290322581
"2021-10-26 11:36:11.143641",C1,604.0,1.94838709677419
"2021-10-26 11:36:11.143641",C2,562.0,1.81290322580645
"2021-10-26 11:36:11.143641",C3,584.0,1.88387096774194
"2021-10-26 11:36:11.143641",C4,610.0,1.96774193548387
"2021-10-26 11:36:11.143641",C5,549.0,1.77096774193548
"2021-10-26 11:36:11.143641",C6,583.0,1.88064516129032
"2021-10-26 11:36:11.143641",C7,601.0,1.93870967741935
"2021-10-26 11:36:11.143641",C8,568.0,1.83225806451613
"2021-10-26 11:36:11.143641",C9,601.0,1.93870967741935
"2021-10-26 11:36:11.143641",C10,605.0,1.95161290322581
"2021-10-26 11:36:16.230904",C1,604.0,1.94838709677419
"2021-10-26 11:36:16.230904",C2,562.0,1.81290322580645
"2021-10-26 11:36:16.230904",C3,584.0,1.88387096774194
"2021-10-26 11:36:16.230904",C4,610.0,1.96774193548387
"2021-10-26 11:36:16.230904",C5,549.0,1.77096774193548
"2021-10-26 11:36:16.230904",C6,583.0,1.88064516129032
"2021-10-26 11:36:16.230904",C7,601.0,1.93870967741935
"2021-10-26 11:36:16.230904",C8,568.0,1.83225806451613
"2021-10-26 11:36:16.230904",C9,601.0,1.93870967741935
"2021-10-26 11:36:16.230904",C10,605.0,1.95161290322581
"2021-10-26 11:36:21.318548",C1,604.0,1.94838709677419
"2021-10-26 11:36:21.318548",C2,562.0,1.81290322580645
"2021-10-26 11:36:21.318548",C3,584.0,1.88387096774194
"2021-10-26 11:36:21.318548",C4,610.0,1.96774193548387
"2021-10-26 11:36:21.318548",C5,549.0,1.77096774193548
"2021-10-26 11:36:21.318548",C6,583.0,1.88064516129032
"2021-10-26 11:36:21.318548",C7,601.0,1.93870967741935
"2021-10-26 11:36:21.318548",C8,568.0,1.83225806451613
"2021-10-26 11:36:21.318548",C9,601.0,1.93870967741935
"2021-10-26 11:36:21.318548",C10,605.0,1.95161290322581
"2021-10-26 11:36:26.405775",C1,604.0,1.94838709677419
"2021-10-26 11:36:26.405775",C2,562.0,1.81290322580645
"2021-10-26 11:36:26.405775",C3,584.0,1.88387096774194
"2021-10-26 11:36:26.405775",C4,610.0,1.96774193548387
"2021-10-26 11:36:26.405775",C5,549.0,1.77096774193548
"2021-10-26 11:36:26.405775",C6,582.0,1.87741935483871
"2021-10-26 11:36:26.405775",C7,601.0,1.93870967741935
"2021-10-26 11:36:26.405775",C8,568.0,1.83225806451613
"2021-10-26 11:36:26.405775",C9,601.0,1.93870967741935
"2021-10-26 11:36:26.405775",C10,605.0,1.95161290322581
"2021-10-26 11:36:31.493576",C1,604.0,1.94838709677419
"2021-10-26 11:36:31.493576",C2,562.0,1.81290322580645
"2021-10-26 11:36:31.493576",C3,584.0,1.88387096774194
"2021-10-26 11:36:31.493576",C4,610.0,1.96774193548387
"2021-10-26 11:36:31.493576",C5,549.0,1.77096774193548
"2021-10-26 11:36:31.493576",C6,582.0,1.87741935483871
"2021-10-26 11:36:31.493576",C7,601.0,1.93870967741935
"2021-10-26 11:36:31.493576",C8,568.0,1.83225806451613
"2021-10-26 11:36:31.493576",C9,601.0,1.93870967741935
"2021-10-26 11:36:31.493576",C10,605.0,1.95161290322581
"2021-10-26 11:36:36.580628",C1,604.0,1.94838709677419
"2021-10-26 11:36:36.580628",C2,562.0,1.81290322580645
"2021-10-26 11:36:36.580628",C3,583.0,1.88064516129032
"2021-10-26 11:36:36.580628",C4,610.0,1.96774193548387
"2021-10-26 11:36:36.580628",C5,549.0,1.77096774193548
"2021-10-26 11:36:36.580628",C6,582.0,1.87741935483871
"2021-10-26 11:36:36.580628",C7,601.0,1.93870967741935
"2021-10-26 11:36:36.580628",C8,568.0,1.83225806451613
"2021-10-26 11:36:36.580628",C9,601.0,1.93870967741935
"2021-10-26 11:36:36.580628",C10,605.0,1.95161290322581
"2021-10-26 11:36:41.667789",C1,603.0,1.94516129032258
"2021-10-26 11:36:41.667789",C2,562.0,1.81290322580645
"2021-10-26 11:36:41.667789",C3,583.0,1.88064516129032
"2021-10-26 11:36:41.667789",C4,610.0,1.96774193548387
"2021-10-26 11:36:41.667789",C5,548.0,1.76774193548387
"2021-10-26 11:36:41.667789",C6,582.0,1.87741935483871
"2021-10-26 11:36:41.667789",C7,600.0,1.93548387096774
"2021-10-26 11:36:41.667789",C8,568.0,1.83225806451613
"2021-10-26 11:36:41.667789",C9,601.0,1.93870967741935
"2021-10-26 11:36:41.667789",C10,605.0,1.95161290322581
"2021-10-26 11:36:46.753152",C1,604.0,1.94838709677419
"2021-10-26 11:36:46.753152",C2,562.0,1.81290322580645
"2021-10-26 11:36:46.753152",C3,583.0,1.88064516129032
"2021-10-26 11:36:46.753152",C4,610.0,1.96774193548387
"2021-10-26 11:36:46.753152",C5,548.0,1.76774193548387
"2021-10-26 11:36:46.753152",C6,582.0,1.87741935483871
"2021-10-26 11:36:46.753152",C7,601.0,1.93870967741935
"2021-10-26 11:36:46.753152",C8,568.0,1.83225806451613
"2021-10-26 11:36:46.753152",C9,601.0,1.93870967741935
"2021-10-26 11:36:46.753152",C10,606.0,1.95483870967742
"2021-10-26 11:36:51.850904",C1,604.0,1.94838709677419
"2021-10-26 11:36:51.850904",C2,562.0,1.81290322580645
"2021-10-26 11:36:51.850904",C3,583.0,1.88064516129032
"2021-10-26 11:36:51.850904",C4,610.0,1.96774193548387
"2021-10-26 11:36:51.850904",C5,549.0,1.77096774193548
"2021-10-26 11:36:51.850904",C6,582.0,1.87741935483871
"2021-10-26 11:36:51.850904",C7,601.0,1.93870967741935
"2021-10-26 11:36:51.850904",C8,568.0,1.83225806451613
"2021-10-26 11:36:51.850904",C9,601.0,1.93870967741935
"2021-10-26 11:36:51.850904",C10,606.0,1.95483870967742
"2021-10-26 11:36:56.954608",C1,604.0,1.94838709677419
"2021-10-26 11:36:56.954608",C2,562.0,1.81290322580645
"2021-10-26 11:36:56.954608",C3,583.0,1.88064516129032
"2021-10-26 11:36:56.954608",C4,610.0,1.96774193548387
"2021-10-26 11:36:56.954608",C5,549.0,1.77096774193548
"2021-10-26 11:36:56.954608",C6,582.0,1.87741935483871
"2021-10-26 11:36:56.954608",C7,601.0,1.93870967741935
"2021-10-26 11:36:56.954608",C8,568.0,1.83225806451613
"2021-10-26 11:36:56.954608",C9,601.0,1.93870967741935
"2021-10-26 11:36:56.954608",C10,606.0,1.95483870967742
"2021-10-26 11:37:02.041808",C1,604.0,1.94838709677419
"2021-10-26 11:37:02.041808",C2,562.0,1.81290322580645
"2021-10-26 11:37:02.041808",C3,583.0,1.88064516129032
"2021-10-26 11:37:02.041808",C4,610.0,1.96774193548387
"2021-10-26 11:37:02.041808",C5,548.0,1.76774193548387
"2021-10-26 11:37:02.041808",C6,582.0,1.87741935483871
"2021-10-26 11:37:02.041808",C7,601.0,1.93870967741935
"2021-10-26 11:37:02.041808",C8,568.0,1.83225806451613
"2021-10-26 11:37:02.041808",C9,601.0,1.93870967741935
"2021-10-26 11:37:02.041808",C10,606.0,1.95483870967742
"2021-10-26 11:53:34.032469",C1,504.0,1.6258064516129
"2021-10-26 11:53:34.032469",C2,467.0,1.50645161290323
"2021-10-26 11:53:34.032469",C3,559.0,1.80322580645161
"2021-10-26 11:53:34.032469",C4,540.0,1.74193548387097
"2021-10-26 11:53:34.032469",C5,499.0,1.60967741935484
"2021-10-26 11:53:34.032469",C6,496.0,1.6
"2021-10-26 11:53:34.032469",C7,587.0,1.89354838709677
"2021-10-26 11:53:34.032469",C8,534.0,1.72258064516129
"2021-10-26 11:53:34.032469",C9,569.0,1.83548387096774
"2021-10-26 11:53:34.032469",C10,579.0,1.86774193548387
"2021-10-26 11:53:39.140296",C1,504.0,1.6258064516129
"2021-10-26 11:53:39.140296",C2,467.0,1.50645161290323
"2021-10-26 11:53:39.140296",C3,559.0,1.80322580645161
"2021-10-26 11:53:39.140296",C4,540.0,1.74193548387097
"2021-10-26 11:53:39.140296",C5,499.0,1.60967741935484
"2021-10-26 11:53:39.140296",C6,496.0,1.6
"2021-10-26 11:53:39.140296",C7,587.0,1.89354838709677
"2021-10-26 11:53:39.140296",C8,534.0,1.72258064516129
"2021-10-26 11:53:39.140296",C9,570.0,1.83870967741935
"2021-10-26 11:53:39.140296",C10,579.0,1.86774193548387
"2021-10-26 11:53:44.227955",C1,504.0,1.6258064516129
"2021-10-26 11:53:44.227955",C2,467.0,1.50645161290323
"2021-10-26 11:53:44.227955",C3,559.0,1.80322580645161
"2021-10-26 11:53:44.227955",C4,540.0,1.74193548387097
"2021-10-26 11:53:44.227955",C5,499.0,1.60967741935484
"2021-10-26 11:53:44.227955",C6,496.0,1.6
"2021-10-26 11:53:44.227955",C7,587.0,1.89354838709677
"2021-10-26 11:53:44.227955",C8,535.0,1.7258064516129
"2021-10-26 11:53:44.227955",C9,570.0,1.83870967741935
"2021-10-26 11:53:44.227955",C10,579.0,1.86774193548387
"2021-10-26 11:53:49.314948",C1,504.0,1.6258064516129
"2021-10-26 11:53:49.314948",C2,467.0,1.50967741935484
"2021-10-26 11:53:49.314948",C3,559.0,1.80322580645161
"2021-10-26 11:53:49.314948",C4,540.0,1.74193548387097
"2021-10-26 11:53:49.314948",C5,499.0,1.60967741935484
"2021-10-26 11:53:49.314948",C6,496.0,1.6
"2021-10-26 11:53:49.314948",C7,586.0,1.89032258064516
"2021-10-26 11:53:49.314948",C8,535.0,1.72903225806452
"2021-10-26 11:53:49.314948",C9,569.0,1.83870967741935
"2021-10-26 11:53:49.314948",C10,580.0,1.87096774193548
"2021-10-26 11:53:54.402365",C1,504.0,1.6258064516129
"2021-10-26 11:53:54.402365",C2,468.0,1.50967741935484
"2021-10-26 11:53:54.402365",C3,559.0,1.80322580645161
"2021-10-26 11:53:54.402365",C4,541.0,1.74516129032258
"2021-10-26 11:53:54.402365",C5,500.0,1.61290322580645
"2021-10-26 11:53:54.402365",C6,496.0,1.6
"2021-10-26 11:53:54.402365",C7,587.0,1.89354838709677
"2021-10-26 11:53:54.402365",C8,536.0,1.72903225806452
"2021-10-26 11:53:54.402365",C9,570.0,1.83870967741935
"2021-10-26 11:53:54.402365",C10,580.0,1.87096774193548
"2021-10-26 11:53:59.497805",C1,505.0,1.62903225806452
"2021-10-26 11:53:59.497805",C2,468.0,1.50967741935484
"2021-10-26 11:53:59.497805",C3,559.0,1.80645161290323
"2021-10-26 11:53:59.497805",C4,541.0,1.74516129032258
"2021-10-26 11:53:59.497805",C5,500.0,1.61290322580645
"2021-10-26 11:53:59.497805",C6,496.0,1.6
"2021-10-26 11:53:59.497805",C7,586.0,1.89032258064516
"2021-10-26 11:53:59.497805",C8,536.0,1.72903225806452
"2021-10-26 11:53:59.497805",C9,570.0,1.83870967741935
"2021-10-26 11:53:59.497805",C10,580.0,1.87096774193548
"2021-10-26 11:54:04.593734",C1,505.0,1.62903225806452
"2021-10-26 11:54:04.593734",C2,469.0,1.51290322580645
"2021-10-26 11:54:04.593734",C3,560.0,1.80645161290323
"2021-10-26 11:54:04.593734",C4,542.0,1.74838709677419
"2021-10-26 11:54:04.593734",C5,500.0,1.61612903225806
"2021-10-26 11:54:04.593734",C6,496.0,1.6
"2021-10-26 11:54:04.593734",C7,586.0,1.89032258064516
"2021-10-26 11:54:04.593734",C8,536.0,1.72903225806452
"2021-10-26 11:54:04.593734",C9,570.0,1.83870967741935
"2021-10-26 11:54:04.593734",C10,580.0,1.87096774193548
"2021-10-26 11:54:09.706421",C1,506.0,1.63225806451613
"2021-10-26 11:54:09.706421",C2,470.0,1.51612903225806
"2021-10-26 11:54:09.706421",C3,560.0,1.80645161290323
"2021-10-26 11:54:09.706421",C4,542.0,1.74838709677419
"2021-10-26 11:54:09.706421",C5,501.0,1.61612903225806
"2021-10-26 11:54:09.706421",C6,496.0,1.6
"2021-10-26 11:54:09.706421",C7,586.0,1.89032258064516
"2021-10-26 11:54:09.706421",C8,537.0,1.73225806451613
"2021-10-26 11:54:09.706421",C9,570.0,1.83870967741935
"2021-10-26 11:54:09.706421",C10,581.0,1.87096774193548
"2021-10-26 11:54:14.821627",C1,505.0,1.62903225806452
"2021-10-26 11:54:14.821627",C2,469.0,1.51290322580645
"2021-10-26 11:54:14.821627",C3,560.0,1.80645161290323
"2021-10-26 11:54:14.821627",C4,542.0,1.74838709677419
"2021-10-26 11:54:14.821627",C5,500.0,1.61290322580645
"2021-10-26 11:54:14.821627",C6,496.0,1.6
"2021-10-26 11:54:14.821627",C7,585.0,1.89032258064516
"2021-10-26 11:54:14.821627",C8,537.0,1.73225806451613
"2021-10-26 11:54:14.821627",C9,570.0,1.83870967741935
"2021-10-26 11:54:14.821627",C10,580.0,1.8741935483871
"2021-10-26 11:54:19.934516",C1,505.0,1.62903225806452
"2021-10-26 11:54:19.934516",C2,469.0,1.51290322580645
"2021-10-26 11:54:19.934516",C3,560.0,1.80645161290323
"2021-10-26 11:54:19.934516",C4,542.0,1.74838709677419
"2021-10-26 11:54:19.934516",C5,500.0,1.61290322580645
"2021-10-26 11:54:19.934516",C6,496.0,1.6
"2021-10-26 11:54:19.934516",C7,586.0,1.89032258064516
"2021-10-26 11:54:19.934516",C8,537.0,1.73225806451613
"2021-10-26 11:54:19.934516",C9,570.0,1.83870967741935
"2021-10-26 11:54:19.934516",C10,581.0,1.8741935483871
"2021-10-26 11:54:25.029199",C1,505.0,1.62903225806452
"2021-10-26 11:54:25.029199",C2,469.0,1.51290322580645
"2021-10-26 11:54:25.029199",C3,560.0,1.80645161290323
"2021-10-26 11:54:25.029199",C4,542.0,1.74838709677419
"2021-10-26 11:54:25.029199",C5,500.0,1.61290322580645
"2021-10-26 11:54:25.029199",C6,497.0,1.60322580645161
"2021-10-26 11:54:25.029199",C7,586.0,1.89032258064516
"2021-10-26 11:54:25.029199",C8,538.0,1.73548387096774
"2021-10-26 11:54:25.029199",C9,570.0,1.83870967741935
"2021-10-26 11:54:25.029199",C10,581.0,1.8741935483871
"2021-10-26 11:54:30.116331",C1,505.0,1.62903225806452
"2021-10-26 11:54:30.116331",C2,470.0,1.51612903225806
"2021-10-26 11:54:30.116331",C3,560.0,1.80645161290323
"2021-10-26 11:54:30.116331",C4,542.0,1.74838709677419
"2021-10-26 11:54:30.116331",C5,500.0,1.61290322580645
"2021-10-26 11:54:30.116331",C6,497.0,1.60322580645161
"2021-10-26 11:54:30.116331",C7,586.0,1.89032258064516
"2021-10-26 11:54:30.116331",C8,538.0,1.73548387096774
"2021-10-26 11:54:30.116331",C9,569.0,1.83870967741935
"2021-10-26 11:54:30.116331",C10,581.0,1.8741935483871
"2021-10-26 12:15:56.032784",C1,486.0,1.56774193548387
"2021-10-26 12:15:56.032784",C2,385.0,1.24193548387097
"2021-10-26 12:15:56.032784",C3,386.0,1.24516129032258
"2021-10-26 12:15:56.032784",C4,499.0,1.60967741935484
"2021-10-26 12:15:56.032784",C5,459.0,1.48064516129032
"2021-10-26 12:15:56.032784",C6,436.0,1.40645161290323
"2021-10-26 12:15:56.032784",C7,463.0,1.49354838709677
"2021-10-26 12:15:56.032784",C8,455.0,1.51290322580645
"2021-10-26 12:15:56.032784",C9,522.0,1.68387096774194
"2021-10-26 12:15:56.032784",C10,478.0,1.54193548387097
"2021-10-26 12:16:01.148848",C1,486.0,1.56774193548387
"2021-10-26 12:16:01.148848",C2,385.0,1.24193548387097
"2021-10-26 12:16:01.148848",C3,386.0,1.24516129032258
"2021-10-26 12:16:01.148848",C4,499.0,1.60967741935484
"2021-10-26 12:16:01.148848",C5,459.0,1.48064516129032
"2021-10-26 12:16:01.148848",C6,436.0,1.40645161290323
"2021-10-26 12:16:01.148848",C7,463.0,1.49354838709677
"2021-10-26 12:16:01.148848",C8,464.0,1.5258064516129
"2021-10-26 12:16:01.148848",C9,522.0,1.68387096774194
"2021-10-26 12:16:01.148848",C10,479.0,1.54516129032258
"2021-10-26 12:16:06.236458",C1,486.0,1.56774193548387
"2021-10-26 12:16:06.236458",C2,385.0,1.24193548387097
"2021-10-26 12:16:06.236458",C3,386.0,1.24516129032258
"2021-10-26 12:16:06.236458",C4,499.0,1.60967741935484
"2021-10-26 12:16:06.236458",C5,459.0,1.48387096774194
"2021-10-26 12:16:06.236458",C6,437.0,1.40967741935484
"2021-10-26 12:16:06.236458",C7,463.0,1.49354838709677
"2021-10-26 12:16:06.236458",C8,471.0,1.47096774193548
"2021-10-26 12:16:06.236458",C9,522.0,1.68387096774194
"2021-10-26 12:16:06.236458",C10,479.0,1.54516129032258
"2021-10-26 12:16:11.340460",C1,486.0,1.56774193548387
"2021-10-26 12:16:11.340460",C2,385.0,1.24193548387097
"2021-10-26 12:16:11.340460",C3,386.0,1.24516129032258
"2021-10-26 12:16:11.340460",C4,499.0,1.60967741935484
"2021-10-26 12:16:11.340460",C5,459.0,1.48064516129032
"2021-10-26 12:16:11.340460",C6,437.0,1.40967741935484
"2021-10-26 12:16:11.340460",C7,463.0,1.49354838709677
"2021-10-26 12:16:11.340460",C8,471.0,1.52258064516129
"2021-10-26 12:16:11.340460",C9,522.0,1.68387096774194
"2021-10-26 12:16:11.340460",C10,479.0,1.54516129032258
"2021-10-26 12:16:16.427617",C1,486.0,1.56774193548387
"2021-10-26 12:16:16.427617",C2,385.0,1.24193548387097
"2021-10-26 12:16:16.427617",C3,386.0,1.24516129032258
"2021-10-26 12:16:16.427617",C4,500.0,1.61290322580645
"2021-10-26 12:16:16.427617",C5,459.0,1.48064516129032
"2021-10-26 12:16:16.427617",C6,437.0,1.40967741935484
"2021-10-26 12:16:16.427617",C7,463.0,1.49354838709677
"2021-10-26 12:16:16.427617",C8,472.0,1.51290322580645
"2021-10-26 12:16:16.427617",C9,522.0,1.68387096774194
"2021-10-26 12:16:16.427617",C10,479.0,1.54516129032258
"2021-10-26 12:16:21.515008",C1,486.0,1.56774193548387
"2021-10-26 12:16:21.515008",C2,385.0,1.24193548387097
"2021-10-26 12:16:21.515008",C3,386.0,1.24838709677419
"2021-10-26 12:16:21.515008",C4,500.0,1.61290322580645
"2021-10-26 12:16:21.515008",C5,460.0,1.48064516129032
"2021-10-26 12:16:21.515008",C6,437.0,1.40967741935484
"2021-10-26 12:16:21.515008",C7,463.0,1.49354838709677
"2021-10-26 12:16:21.515008",C8,472.0,1.49032258064516
"2021-10-26 12:16:21.515008",C9,522.0,1.68387096774194
"2021-10-26 12:16:21.515008",C10,479.0,1.54516129032258
"2021-10-26 12:16:26.602319",C1,486.0,1.56774193548387
"2021-10-26 12:16:26.602319",C2,385.0,1.24193548387097
"2021-10-26 12:16:26.602319",C3,387.0,1.24838709677419
"2021-10-26 12:16:26.602319",C4,500.0,1.61290322580645
"2021-10-26 12:16:26.602319",C5,460.0,1.48064516129032
"2021-10-26 12:16:26.602319",C6,437.0,1.40967741935484
"2021-10-26 12:16:26.602319",C7,463.0,1.49354838709677
"2021-10-26 12:16:26.602319",C8,457.0,1.51290322580645
"2021-10-26 12:16:26.602319",C9,521.0,1.68064516129032
"2021-10-26 12:16:26.602319",C10,479.0,1.54516129032258
"2021-10-26 12:16:31.726737",C1,487.0,1.57096774193548
"2021-10-26 12:16:31.726737",C2,386.0,1.24193548387097
"2021-10-26 12:16:31.726737",C3,387.0,1.24838709677419
"2021-10-26 12:16:31.726737",C4,500.0,1.61290322580645
"2021-10-26 12:16:31.726737",C5,460.0,1.48387096774194
"2021-10-26 12:16:31.726737",C6,437.0,1.40967741935484
"2021-10-26 12:16:31.726737",C7,463.0,1.49677419354839
"2021-10-26 12:16:31.726737",C8,456.0,1.48709677419355
"2021-10-26 12:16:31.726737",C9,521.0,1.68064516129032
"2021-10-26 12:16:31.726737",C10,479.0,1.54516129032258
"2021-10-26 12:16:36.823147",C1,487.0,1.57096774193548
"2021-10-26 12:16:36.823147",C2,385.0,1.24193548387097
"2021-10-26 12:16:36.823147",C3,387.0,1.24838709677419
"2021-10-26 12:16:36.823147",C4,500.0,1.61290322580645
"2021-10-26 12:16:36.823147",C5,460.0,1.48387096774194
"2021-10-26 12:16:36.823147",C6,437.0,1.41290322580645
"2021-10-26 12:16:36.823147",C7,464.0,1.49677419354839
"2021-10-26 12:16:36.823147",C8,472.0,1.48387096774194
"2021-10-26 12:16:36.823147",C9,521.0,1.68064516129032
"2021-10-26 12:16:36.823147",C10,479.0,1.54516129032258
"2021-10-26 12:16:41.909270",C1,487.0,1.57096774193548
"2021-10-26 12:16:41.909270",C2,386.0,1.24193548387097
"2021-10-26 12:16:41.909270",C3,387.0,1.24838709677419
"2021-10-26 12:16:41.909270",C4,500.0,1.61290322580645
"2021-10-26 12:16:41.909270",C5,460.0,1.48387096774194
"2021-10-26 12:16:41.909270",C6,438.0,1.41290322580645
"2021-10-26 12:16:41.909270",C7,464.0,1.49677419354839
"2021-10-26 12:16:41.909270",C8,466.0,1.47096774193548
"2021-10-26 12:16:41.909270",C9,521.0,1.68064516129032
"2021-10-26 12:16:41.909270",C10,479.0,1.54516129032258
"2021-10-26 12:16:46.996766",C1,487.0,1.57096774193548
"2021-10-26 12:16:46.996766",C2,386.0,1.24516129032258
"2021-10-26 12:16:46.996766",C3,387.0,1.24838709677419
"2021-10-26 12:16:46.996766",C4,500.0,1.61290322580645
"2021-10-26 12:16:46.996766",C5,460.0,1.48387096774194
"2021-10-26 12:16:46.996766",C6,438.0,1.41290322580645
"2021-10-26 12:16:46.996766",C7,464.0,1.49677419354839
"2021-10-26 12:16:46.996766",C8,473.0,1.49354838709677
"2021-10-26 12:16:46.996766",C9,521.0,1.68064516129032
"2021-10-26 12:16:46.996766",C10,479.0,1.54516129032258
"2021-10-26 12:16:52.093279",C1,487.0,1.57096774193548
"2021-10-26 12:16:52.093279",C2,386.0,1.24516129032258
"2021-10-26 12:16:52.093279",C3,387.0,1.24838709677419
"2021-10-26 12:16:52.093279",C4,500.0,1.61290322580645
"2021-10-26 12:16:52.093279",C5,460.0,1.48387096774194
"2021-10-26 12:16:52.093279",C6,438.0,1.41290322580645
"2021-10-26 12:16:52.093279",C7,464.0,1.49677419354839
"2021-10-26 12:16:52.093279",C8,470.0,1.47741935483871
"2021-10-26 12:16:52.093279",C9,521.0,1.68064516129032
"2021-10-26 12:16:52.093279",C10,479.0,1.54516129032258
"2021-10-26 12:40:36.031870",C1,399.0,1.28387096774194
"2021-10-26 12:40:36.031870",C2,505.0,1.62903225806452
"2021-10-26 12:40:36.031870",C3,404.0,1.30322580645161
"2021-10-26 12:40:36.031870",C4,432.0,1.39354838709677
"2021-10-26 12:40:36.031870",C5,474.0,1.52903225806452
"2021-10-26 12:40:36.031870",C6,390.0,1.25806451612903
"2021-10-26 12:40:36.031870",C7,453.0,1.46129032258065
"2021-10-26 12:40:36.031870",C8,420.0,1.35161290322581
"2021-10-26 12:40:36.031870",C9,537.0,1.73548387096774
"2021-10-26 12:40:36.031870",C10,407.0,1.31290322580645
"2021-10-26 12:40:41.139937",C1,399.0,1.28709677419355
"2021-10-26 12:40:41.139937",C2,505.0,1.62903225806452
"2021-10-26 12:40:41.139937",C3,403.0,1.3
"2021-10-26 12:40:41.139937",C4,432.0,1.39354838709677
"2021-10-26 12:40:41.139937",C5,474.0,1.52903225806452
"2021-10-26 12:40:41.139937",C6,390.0,1.25483870967742
"2021-10-26 12:40:41.139937",C7,453.0,1.46129032258065
"2021-10-26 12:40:41.139937",C8,419.0,1.35161290322581
"2021-10-26 12:40:41.139937",C9,537.0,1.73225806451613
"2021-10-26 12:40:41.139937",C10,406.0,1.30967741935484
"2021-10-26 12:40:46.235747",C1,398.0,1.28387096774194
"2021-10-26 12:40:46.235747",C2,505.0,1.62903225806452
"2021-10-26 12:40:46.235747",C3,403.0,1.3
"2021-10-26 12:40:46.235747",C4,432.0,1.39354838709677
"2021-10-26 12:40:46.235747",C5,474.0,1.52903225806452
"2021-10-26 12:40:46.235747",C6,390.0,1.25806451612903
"2021-10-26 12:40:46.235747",C7,453.0,1.46129032258065
"2021-10-26 12:40:46.235747",C8,420.0,1.35161290322581
"2021-10-26 12:40:46.235747",C9,537.0,1.73548387096774
"2021-10-26 12:40:46.235747",C10,407.0,1.31290322580645
"2021-10-26 12:40:51.323563",C1,398.0,1.28387096774194
"2021-10-26 12:40:51.323563",C2,505.0,1.62903225806452
"2021-10-26 12:40:51.323563",C3,403.0,1.3
"2021-10-26 12:40:51.323563",C4,432.0,1.39354838709677
"2021-10-26 12:40:51.323563",C5,474.0,1.52903225806452
"2021-10-26 12:40:51.323563",C6,390.0,1.25483870967742
"2021-10-26 12:40:51.323563",C7,453.0,1.46129032258065
"2021-10-26 12:40:51.323563",C8,419.0,1.35161290322581
"2021-10-26 12:40:51.323563",C9,538.0,1.73548387096774
"2021-10-26 12:40:51.323563",C10,407.0,1.31290322580645
"2021-10-26 12:40:56.410430",C1,398.0,1.28387096774194
"2021-10-26 12:40:56.410430",C2,505.0,1.62903225806452
"2021-10-26 12:40:56.410430",C3,403.0,1.3
"2021-10-26 12:40:56.410430",C4,432.0,1.39354838709677
"2021-10-26 12:40:56.410430",C5,474.0,1.52903225806452
"2021-10-26 12:40:56.410430",C6,390.0,1.25483870967742
"2021-10-26 12:40:56.410430",C7,453.0,1.46129032258065
"2021-10-26 12:40:56.410430",C8,419.0,1.35161290322581
"2021-10-26 12:40:56.410430",C9,538.0,1.73548387096774
"2021-10-26 12:40:56.410430",C10,408.0,1.31612903225806
"2021-10-26 12:41:01.505728",C1,398.0,1.28709677419355
"2021-10-26 12:41:01.505728",C2,505.0,1.62903225806452
"2021-10-26 12:41:01.505728",C3,403.0,1.3
"2021-10-26 12:41:01.505728",C4,432.0,1.39354838709677
"2021-10-26 12:41:01.505728",C5,474.0,1.52903225806452
"2021-10-26 12:41:01.505728",C6,390.0,1.25806451612903
"2021-10-26 12:41:01.505728",C7,453.0,1.46129032258065
"2021-10-26 12:41:01.505728",C8,419.0,1.35161290322581
"2021-10-26 12:41:01.505728",C9,538.0,1.73548387096774
"2021-10-26 12:41:01.505728",C10,408.0,1.31612903225806
"2021-10-26 12:41:06.593276",C1,399.0,1.28387096774194
"2021-10-26 12:41:06.593276",C2,505.0,1.63225806451613
"2021-10-26 12:41:06.593276",C3,403.0,1.3
"2021-10-26 12:41:06.593276",C4,432.0,1.39354838709677
"2021-10-26 12:41:06.593276",C5,474.0,1.52903225806452
"2021-10-26 12:41:06.593276",C6,390.0,1.25806451612903
"2021-10-26 12:41:06.593276",C7,453.0,1.46129032258065
"2021-10-26 12:41:06.593276",C8,419.0,1.35161290322581
"2021-10-26 12:41:06.593276",C9,538.0,1.73548387096774
"2021-10-26 12:41:06.593276",C10,408.0,1.31935483870968
"2021-10-26 12:41:11.704050",C1,398.0,1.28387096774194
"2021-10-26 12:41:11.704050",C2,505.0,1.62903225806452
"2021-10-26 12:41:11.704050",C3,403.0,1.3
"2021-10-26 12:41:11.704050",C4,432.0,1.39354838709677
"2021-10-26 12:41:11.704050",C5,474.0,1.52903225806452
"2021-10-26 12:41:11.704050",C6,390.0,1.25806451612903
"2021-10-26 12:41:11.704050",C7,453.0,1.46129032258065
"2021-10-26 12:41:11.704050",C8,419.0,1.35161290322581
"2021-10-26 12:41:11.704050",C9,538.0,1.73548387096774
"2021-10-26 12:41:11.704050",C10,409.0,1.31935483870968
"2021-10-26 12:41:16.792423",C1,398.0,1.28387096774194
"2021-10-26 12:41:16.792423",C2,505.0,1.62903225806452
"2021-10-26 12:41:16.792423",C3,403.0,1.3
"2021-10-26 12:41:16.792423",C4,432.0,1.39354838709677
"2021-10-26 12:41:16.792423",C5,474.0,1.52903225806452
"2021-10-26 12:41:16.792423",C6,390.0,1.25806451612903
"2021-10-26 12:41:16.792423",C7,453.0,1.46129032258065
"2021-10-26 12:41:16.792423",C8,419.0,1.35161290322581
"2021-10-26 12:41:16.792423",C9,538.0,1.73548387096774
"2021-10-26 12:41:16.792423",C10,409.0,1.31935483870968
"2021-10-26 12:41:21.879946",C1,398.0,1.28387096774194
"2021-10-26 12:41:21.879946",C2,505.0,1.62903225806452
"2021-10-26 12:41:21.879946",C3,403.0,1.3
"2021-10-26 12:41:21.879946",C4,432.0,1.39354838709677
"2021-10-26 12:41:21.879946",C5,474.0,1.52903225806452
"2021-10-26 12:41:21.879946",C6,390.0,1.25806451612903
"2021-10-26 12:41:21.879946",C7,453.0,1.46129032258065
"2021-10-26 12:41:21.879946",C8,419.0,1.35161290322581
"2021-10-26 12:41:21.879946",C9,538.0,1.73548387096774
"2021-10-26 12:41:21.879946",C10,409.0,1.31935483870968
"2021-10-26 12:41:26.963152",C1,398.0,1.28387096774194
"2021-10-26 12:41:26.963152",C2,505.0,1.62903225806452
"2021-10-26 12:41:26.963152",C3,403.0,1.3
"2021-10-26 12:41:26.963152",C4,432.0,1.39354838709677
"2021-10-26 12:41:26.963152",C5,474.0,1.52903225806452
"2021-10-26 12:41:26.963152",C6,390.0,1.25806451612903
"2021-10-26 12:41:26.963152",C7,453.0,1.45806451612903
"2021-10-26 12:41:26.963152",C8,419.0,1.35161290322581
"2021-10-26 12:41:26.963152",C9,538.0,1.73548387096774
"2021-10-26 12:41:26.963152",C10,409.0,1.31935483870968
"2021-10-26 12:41:32.050364",C1,399.0,1.28387096774194
"2021-10-26 12:41:32.050364",C2,505.0,1.62903225806452
"2021-10-26 12:41:32.050364",C3,402.0,1.3
"2021-10-26 12:41:32.050364",C4,432.0,1.39354838709677
"2021-10-26 12:41:32.050364",C5,474.0,1.52903225806452
"2021-10-26 12:41:32.050364",C6,390.0,1.25806451612903
"2021-10-26 12:41:32.050364",C7,453.0,1.46129032258065
"2021-10-26 12:41:32.050364",C8,419.0,1.35161290322581
"2021-10-26 12:41:32.050364",C9,538.0,1.73548387096774
"2021-10-26 12:41:32.050364",C10,409.0,1.31935483870968
"2021-10-26 13:00:55.025409",C1,360.0,1.16129032258065
"2021-10-26 13:00:55.025409",C2,371.0,1.19677419354839
"2021-10-26 13:00:55.025409",C3,353.0,1.13870967741935
"2021-10-26 13:00:55.025409",C4,400.0,1.29032258064516
"2021-10-26 13:00:55.025409",C5,346.0,1.11612903225806
"2021-10-26 13:00:55.025409",C6,379.0,1.22258064516129
"2021-10-26 13:00:55.025409",C7,275.0,0.887096774193548
"2021-10-26 13:00:55.025409",C8,351.0,1.13225806451613
"2021-10-26 13:00:55.025409",C9,489.0,1.57741935483871
"2021-10-26 13:00:55.025409",C10,358.0,1.15806451612903
"2021-10-26 13:01:00.121454",C1,361.0,1.16451612903226
"2021-10-26 13:01:00.121454",C2,371.0,1.19677419354839
"2021-10-26 13:01:00.121454",C3,353.0,1.13870967741935
"2021-10-26 13:01:00.121454",C4,401.0,1.29354838709677
"2021-10-26 13:01:00.121454",C5,346.0,1.11612903225806
"2021-10-26 13:01:00.121454",C6,379.0,1.22258064516129
"2021-10-26 13:01:00.121454",C7,277.0,0.893548387096774
"2021-10-26 13:01:00.121454",C8,351.0,1.13225806451613
"2021-10-26 13:01:00.121454",C9,490.0,1.58064516129032
"2021-10-26 13:01:00.121454",C10,359.0,1.15806451612903
"2021-10-26 13:01:05.209459",C1,360.0,1.16129032258065
"2021-10-26 13:01:05.209459",C2,371.0,1.19677419354839
"2021-10-26 13:01:05.209459",C3,353.0,1.13870967741935
"2021-10-26 13:01:05.209459",C4,401.0,1.29354838709677
"2021-10-26 13:01:05.209459",C5,346.0,1.11612903225806
"2021-10-26 13:01:05.209459",C6,379.0,1.22258064516129
"2021-10-26 13:01:05.209459",C7,276.0,0.890322580645161
"2021-10-26 13:01:05.209459",C8,351.0,1.13225806451613
"2021-10-26 13:01:05.209459",C9,489.0,1.57741935483871
"2021-10-26 13:01:05.209459",C10,359.0,1.15806451612903
"2021-10-26 13:01:10.308625",C1,361.0,1.16451612903226
"2021-10-26 13:01:10.308625",C2,371.0,1.19677419354839
"2021-10-26 13:01:10.308625",C3,353.0,1.13870967741935
"2021-10-26 13:01:10.308625",C4,401.0,1.29354838709677
"2021-10-26 13:01:10.308625",C5,346.0,1.11612903225806
"2021-10-26 13:01:10.308625",C6,379.0,1.22258064516129
"2021-10-26 13:01:10.308625",C7,277.0,0.893548387096774
"2021-10-26 13:01:10.308625",C8,351.0,1.13225806451613
"2021-10-26 13:01:10.308625",C9,490.0,1.57741935483871
"2021-10-26 13:01:10.308625",C10,359.0,1.15806451612903
"2021-10-26 13:01:15.408775",C1,361.0,1.16451612903226
"2021-10-26 13:01:15.408775",C2,371.0,1.19677419354839
"2021-10-26 13:01:15.408775",C3,353.0,1.13870967741935
"2021-10-26 13:01:15.408775",C4,401.0,1.29354838709677
"2021-10-26 13:01:15.408775",C5,346.0,1.11612903225806
"2021-10-26 13:01:15.408775",C6,379.0,1.22258064516129
"2021-10-26 13:01:15.408775",C7,277.0,0.893548387096774
"2021-10-26 13:01:15.408775",C8,351.0,1.13225806451613
"2021-10-26 13:01:15.408775",C9,489.0,1.58064516129032
"2021-10-26 13:01:15.408775",C10,359.0,1.15806451612903
"2021-10-26 13:01:20.499533",C1,361.0,1.16451612903226
"2021-10-26 13:01:20.499533",C2,371.0,1.19677419354839
"2021-10-26 13:01:20.499533",C3,353.0,1.13870967741935
"2021-10-26 13:01:20.499533",C4,401.0,1.29354838709677
"2021-10-26 13:01:20.499533",C5,346.0,1.11612903225806
"2021-10-26 13:01:20.499533",C6,379.0,1.22258064516129
"2021-10-26 13:01:20.499533",C7,279.0,0.9
"2021-10-26 13:01:20.499533",C8,351.0,1.13225806451613
"2021-10-26 13:01:20.499533",C9,489.0,1.58064516129032
"2021-10-26 13:01:20.499533",C10,359.0,1.16129032258065
"2021-10-26 13:01:25.591515",C1,361.0,1.16451612903226
"2021-10-26 13:01:25.591515",C2,371.0,1.19677419354839
"2021-10-26 13:01:25.591515",C3,353.0,1.13870967741935
"2021-10-26 13:01:25.591515",C4,401.0,1.29354838709677
"2021-10-26 13:01:25.591515",C5,346.0,1.11612903225806
"2021-10-26 13:01:25.591515",C6,379.0,1.22258064516129
"2021-10-26 13:01:25.591515",C7,279.0,0.9
"2021-10-26 13:01:25.591515",C8,351.0,1.13225806451613
"2021-10-26 13:01:25.591515",C9,489.0,1.57741935483871
"2021-10-26 13:01:25.591515",C10,359.0,1.15806451612903
"2021-10-26 13:01:30.698760",C1,360.0,1.16451612903226
"2021-10-26 13:01:30.698760",C2,371.0,1.19677419354839
"2021-10-26 13:01:30.698760",C3,353.0,1.13870967741935
"2021-10-26 13:01:30.698760",C4,401.0,1.29354838709677
"2021-10-26 13:01:30.698760",C5,346.0,1.11612903225806
"2021-10-26 13:01:30.698760",C6,379.0,1.22258064516129
"2021-10-26 13:01:30.698760",C7,276.0,0.890322580645161
"2021-10-26 13:01:30.698760",C8,351.0,1.13225806451613
"2021-10-26 13:01:30.698760",C9,490.0,1.58064516129032
"2021-10-26 13:01:30.698760",C10,359.0,1.15806451612903
"2021-10-26 13:01:35.790597",C1,360.0,1.16129032258065
"2021-10-26 13:01:35.790597",C2,371.0,1.19677419354839
"2021-10-26 13:01:35.790597",C3,353.0,1.13870967741935
"2021-10-26 13:01:35.790597",C4,401.0,1.29354838709677
"2021-10-26 13:01:35.790597",C5,346.0,1.11612903225806
"2021-10-26 13:01:35.790597",C6,379.0,1.22258064516129
"2021-10-26 13:01:35.790597",C7,275.0,0.887096774193548
"2021-10-26 13:01:35.790597",C8,351.0,1.13225806451613
"2021-10-26 13:01:35.790597",C9,490.0,1.58064516129032
"2021-10-26 13:01:35.790597",C10,359.0,1.15806451612903
"2021-10-26 13:01:40.877973",C1,361.0,1.16451612903226
"2021-10-26 13:01:40.877973",C2,371.0,1.19677419354839
"2021-10-26 13:01:40.877973",C3,353.0,1.13870967741935
"2021-10-26 13:01:40.877973",C4,401.0,1.29354838709677
"2021-10-26 13:01:40.877973",C5,346.0,1.11612903225806
"2021-10-26 13:01:40.877973",C6,379.0,1.22258064516129
"2021-10-26 13:01:40.877973",C7,269.0,0.867741935483871
"2021-10-26 13:01:40.877973",C8,351.0,1.13225806451613
"2021-10-26 13:01:40.877973",C9,490.0,1.58064516129032
"2021-10-26 13:01:40.877973",C10,359.0,1.15806451612903
"2021-10-26 13:01:45.965134",C1,361.0,1.16451612903226
"2021-10-26 13:01:45.965134",C2,371.0,1.19677419354839
"2021-10-26 13:01:45.965134",C3,353.0,1.13870967741935
"2021-10-26 13:01:45.965134",C4,401.0,1.29354838709677
"2021-10-26 13:01:45.965134",C5,346.0,1.11612903225806
"2021-10-26 13:01:45.965134",C6,379.0,1.22258064516129
"2021-10-26 13:01:45.965134",C7,274.0,0.883870967741935
"2021-10-26 13:01:45.965134",C8,351.0,1.13225806451613
"2021-10-26 13:01:45.965134",C9,490.0,1.58064516129032
"2021-10-26 13:01:45.965134",C10,358.0,1.15483870967742
"2021-10-26 13:01:51.052770",C1,361.0,1.16451612903226
"2021-10-26 13:01:51.052770",C2,371.0,1.19677419354839
"2021-10-26 13:01:51.052770",C3,353.0,1.13870967741935
"2021-10-26 13:01:51.052770",C4,401.0,1.29354838709677
"2021-10-26 13:01:51.052770",C5,346.0,1.11612903225806
"2021-10-26 13:01:51.052770",C6,378.0,1.21935483870968
"2021-10-26 13:01:51.052770",C7,271.0,0.874193548387097
"2021-10-26 13:01:51.052770",C8,351.0,1.13225806451613
"2021-10-26 13:01:51.052770",C9,490.0,1.58064516129032
"2021-10-26 13:01:51.052770",C10,358.0,1.15483870967742
"2021-10-26 13:17:44.033910",C1,335.0,1.08064516129032
"2021-10-26 13:17:44.033910",C2,342.0,1.10322580645161
"2021-10-26 13:17:44.033910",C3,314.0,1.01290322580645
"2021-10-26 13:17:44.033910",C4,357.0,1.15161290322581
"2021-10-26 13:17:44.033910",C5,348.0,1.1258064516129
"2021-10-26 13:17:44.033910",C6,334.0,1.07741935483871
"2021-10-26 13:17:44.033910",C7,285.0,0.919354838709677
"2021-10-26 13:17:44.033910",C8,307.0,0.990322580645161
"2021-10-26 13:17:44.033910",C9,320.0,1.03225806451613
"2021-10-26 13:17:44.033910",C10,333.0,1.0741935483871
"2021-10-26 13:17:49.137253",C1,334.0,1.07741935483871
"2021-10-26 13:17:49.137253",C2,341.0,1.1
"2021-10-26 13:17:49.137253",C3,313.0,1.00967741935484
"2021-10-26 13:17:49.137253",C4,356.0,1.14838709677419
"2021-10-26 13:17:49.137253",C5,348.0,1.12258064516129
"2021-10-26 13:17:49.137253",C6,334.0,1.07741935483871
"2021-10-26 13:17:49.137253",C7,285.0,0.919354838709677
"2021-10-26 13:17:49.137253",C8,307.0,0.990322580645161
"2021-10-26 13:17:49.137253",C9,320.0,1.03225806451613
"2021-10-26 13:17:49.137253",C10,333.0,1.0741935483871
"2021-10-26 13:17:54.236626",C1,336.0,1.08387096774194
"2021-10-26 13:17:54.236626",C2,342.0,1.10645161290323
"2021-10-26 13:17:54.236626",C3,314.0,1.01290322580645
"2021-10-26 13:17:54.236626",C4,357.0,1.15161290322581
"2021-10-26 13:17:54.236626",C5,349.0,1.1258064516129
"2021-10-26 13:17:54.236626",C6,334.0,1.07741935483871
"2021-10-26 13:17:54.236626",C7,285.0,0.919354838709677
"2021-10-26 13:17:54.236626",C8,307.0,0.990322580645161
"2021-10-26 13:17:54.236626",C9,320.0,1.03225806451613
"2021-10-26 13:17:54.236626",C10,333.0,1.0741935483871
"2021-10-26 13:17:59.323144",C1,338.0,1.09032258064516
"2021-10-26 13:17:59.323144",C2,343.0,1.10645161290323
"2021-10-26 13:17:59.323144",C3,316.0,1.01935483870968
"2021-10-26 13:17:59.323144",C4,359.0,1.15806451612903
"2021-10-26 13:17:59.323144",C5,350.0,1.12903225806452
"2021-10-26 13:17:59.323144",C6,334.0,1.07741935483871
"2021-10-26 13:17:59.323144",C7,285.0,0.919354838709677
"2021-10-26 13:17:59.323144",C8,307.0,0.990322580645161
"2021-10-26 13:17:59.323144",C9,320.0,1.03225806451613
"2021-10-26 13:17:59.323144",C10,333.0,1.0741935483871
"2021-10-26 13:18:04.411254",C1,338.0,1.09032258064516
"2021-10-26 13:18:04.411254",C2,344.0,1.10967741935484
"2021-10-26 13:18:04.411254",C3,316.0,1.01935483870968
"2021-10-26 13:18:04.411254",C4,360.0,1.16129032258065
"2021-10-26 13:18:04.411254",C5,350.0,1.12903225806452
"2021-10-26 13:18:04.411254",C6,334.0,1.07741935483871
"2021-10-26 13:18:04.411254",C7,285.0,0.919354838709677
"2021-10-26 13:18:04.411254",C8,307.0,0.990322580645161
"2021-10-26 13:18:04.411254",C9,321.0,1.03225806451613
"2021-10-26 13:18:04.411254",C10,333.0,1.0741935483871
"2021-10-26 13:18:09.498890",C1,339.0,1.09354838709677
"2021-10-26 13:18:09.498890",C2,345.0,1.11290322580645
"2021-10-26 13:18:09.498890",C3,316.0,1.01935483870968
"2021-10-26 13:18:09.498890",C4,361.0,1.16451612903226
"2021-10-26 13:18:09.498890",C5,351.0,1.13225806451613
"2021-10-26 13:18:09.498890",C6,334.0,1.07741935483871
"2021-10-26 13:18:09.498890",C7,285.0,0.919354838709677
"2021-10-26 13:18:09.498890",C8,307.0,0.990322580645161
"2021-10-26 13:18:09.498890",C9,320.0,1.03225806451613
"2021-10-26 13:18:09.498890",C10,333.0,1.0741935483871
"2021-10-26 13:18:14.585996",C1,339.0,1.09354838709677
"2021-10-26 13:18:14.585996",C2,345.0,1.11290322580645
"2021-10-26 13:18:14.585996",C3,316.0,1.01935483870968
"2021-10-26 13:18:14.585996",C4,361.0,1.16451612903226
"2021-10-26 13:18:14.585996",C5,351.0,1.13225806451613
"2021-10-26 13:18:14.585996",C6,334.0,1.07741935483871
"2021-10-26 13:18:14.585996",C7,285.0,0.919354838709677
"2021-10-26 13:18:14.585996",C8,307.0,0.990322580645161
"2021-10-26 13:18:14.585996",C9,320.0,1.03225806451613
"2021-10-26 13:18:14.585996",C10,333.0,1.0741935483871
"2021-10-26 13:18:19.673357",C1,339.0,1.09354838709677
"2021-10-26 13:18:19.673357",C2,344.0,1.10967741935484
"2021-10-26 13:18:19.673357",C3,316.0,1.01935483870968
"2021-10-26 13:18:19.673357",C4,361.0,1.16451612903226
"2021-10-26 13:18:19.673357",C5,351.0,1.13225806451613
"2021-10-26 13:18:19.673357",C6,334.0,1.07741935483871
"2021-10-26 13:18:19.673357",C7,285.0,0.919354838709677
"2021-10-26 13:18:19.673357",C8,307.0,0.990322580645161
"2021-10-26 13:18:19.673357",C9,320.0,1.03225806451613
"2021-10-26 13:18:19.673357",C10,333.0,1.0741935483871
"2021-10-26 13:18:24.760897",C1,339.0,1.09354838709677
"2021-10-26 13:18:24.760897",C2,344.0,1.10967741935484
"2021-10-26 13:18:24.760897",C3,316.0,1.01935483870968
"2021-10-26 13:18:24.760897",C4,361.0,1.16451612903226
"2021-10-26 13:18:24.760897",C5,351.0,1.13225806451613
"2021-10-26 13:18:24.760897",C6,334.0,1.07741935483871
"2021-10-26 13:18:24.760897",C7,284.0,0.916129032258064
"2021-10-26 13:18:24.760897",C8,307.0,0.990322580645161
"2021-10-26 13:18:24.760897",C9,320.0,1.03225806451613
"2021-10-26 13:18:24.760897",C10,333.0,1.0741935483871
"2021-10-26 13:18:29.848380",C1,338.0,1.09032258064516
"2021-10-26 13:18:29.848380",C2,344.0,1.10967741935484
"2021-10-26 13:18:29.848380",C3,315.0,1.01935483870968
"2021-10-26 13:18:29.848380",C4,360.0,1.16129032258065
"2021-10-26 13:18:29.848380",C5,350.0,1.12903225806452
"2021-10-26 13:18:29.848380",C6,334.0,1.07741935483871
"2021-10-26 13:18:29.848380",C7,284.0,0.916129032258064
"2021-10-26 13:18:29.848380",C8,307.0,0.990322580645161
"2021-10-26 13:18:29.848380",C9,320.0,1.03225806451613
"2021-10-26 13:18:29.848380",C10,333.0,1.0741935483871
"2021-10-26 13:18:34.935436",C1,339.0,1.09354838709677
"2021-10-26 13:18:34.935436",C2,344.0,1.10967741935484
"2021-10-26 13:18:34.935436",C3,316.0,1.01935483870968
"2021-10-26 13:18:34.935436",C4,360.0,1.16129032258065
"2021-10-26 13:18:34.935436",C5,350.0,1.12903225806452
"2021-10-26 13:18:34.935436",C6,334.0,1.07741935483871
"2021-10-26 13:18:34.935436",C7,284.0,0.912903225806451
"2021-10-26 13:18:34.935436",C8,307.0,0.990322580645161
"2021-10-26 13:18:34.935436",C9,320.0,1.03225806451613
"2021-10-26 13:18:34.935436",C10,333.0,1.0741935483871
"2021-10-26 13:18:40.022839",C1,339.0,1.09354838709677
"2021-10-26 13:18:40.022839",C2,344.0,1.10967741935484
"2021-10-26 13:18:40.022839",C3,316.0,1.01612903225806
"2021-10-26 13:18:40.022839",C4,360.0,1.16129032258065
"2021-10-26 13:18:40.022839",C5,350.0,1.12903225806452
"2021-10-26 13:18:40.022839",C6,334.0,1.08064516129032
"2021-10-26 13:18:40.022839",C7,283.0,0.912903225806451
"2021-10-26 13:18:40.022839",C8,307.0,0.990322580645161
"2021-10-26 13:18:40.022839",C9,320.0,1.03225806451613
"2021-10-26 13:18:40.022839",C10,333.0,1.0741935483871
"2021-10-26 13:28:51.033672",C1,324.0,1.04516129032258
"2021-10-26 13:28:51.033672",C2,327.0,1.05483870967742
"2021-10-26 13:28:51.033672",C3,326.0,1.05161290322581
"2021-10-26 13:28:51.033672",C4,345.0,1.11290322580645
"2021-10-26 13:28:51.033672",C5,326.0,1.05161290322581
"2021-10-26 13:28:51.033672",C6,315.0,1.01935483870968
"2021-10-26 13:28:51.033672",C7,283.0,0.912903225806451
"2021-10-26 13:28:51.033672",C8,289.0,0.932258064516129
"2021-10-26 13:28:51.033672",C9,301.0,0.970967741935484
"2021-10-26 13:28:51.033672",C10,306.0,0.987096774193548
"2021-10-26 13:28:56.133139",C1,324.0,1.04516129032258
"2021-10-26 13:28:56.133139",C2,326.0,1.05483870967742
"2021-10-26 13:28:56.133139",C3,326.0,1.05161290322581
"2021-10-26 13:28:56.133139",C4,345.0,1.11290322580645
"2021-10-26 13:28:56.133139",C5,326.0,1.05483870967742
"2021-10-26 13:28:56.133139",C6,316.0,1.01935483870968
"2021-10-26 13:28:56.133139",C7,283.0,0.912903225806451
"2021-10-26 13:28:56.133139",C8,289.0,0.932258064516129
"2021-10-26 13:28:56.133139",C9,301.0,0.970967741935484
"2021-10-26 13:28:56.133139",C10,306.0,0.987096774193548
"2021-10-26 13:29:01.220948",C1,324.0,1.04516129032258
"2021-10-26 13:29:01.220948",C2,326.0,1.05161290322581
"2021-10-26 13:29:01.220948",C3,325.0,1.04838709677419
"2021-10-26 13:29:01.220948",C4,345.0,1.11290322580645
"2021-10-26 13:29:01.220948",C5,326.0,1.05161290322581
"2021-10-26 13:29:01.220948",C6,316.0,1.01935483870968
"2021-10-26 13:29:01.220948",C7,283.0,0.912903225806451
"2021-10-26 13:29:01.220948",C8,289.0,0.932258064516129
"2021-10-26 13:29:01.220948",C9,301.0,0.970967741935484
"2021-10-26 13:29:01.220948",C10,306.0,0.987096774193548
"2021-10-26 13:29:06.339547",C1,324.0,1.04516129032258
"2021-10-26 13:29:06.339547",C2,326.0,1.05161290322581
"2021-10-26 13:29:06.339547",C3,325.0,1.04838709677419
"2021-10-26 13:29:06.339547",C4,345.0,1.11290322580645
"2021-10-26 13:29:06.339547",C5,326.0,1.05161290322581
"2021-10-26 13:29:06.339547",C6,315.0,1.01935483870968
"2021-10-26 13:29:06.339547",C7,283.0,0.912903225806451
"2021-10-26 13:29:06.339547",C8,289.0,0.932258064516129
"2021-10-26 13:29:06.339547",C9,301.0,0.970967741935484
"2021-10-26 13:29:06.339547",C10,306.0,0.987096774193548
"2021-10-26 13:29:11.457408",C1,324.0,1.04516129032258
"2021-10-26 13:29:11.457408",C2,326.0,1.05161290322581
"2021-10-26 13:29:11.457408",C3,325.0,1.04838709677419
"2021-10-26 13:29:11.457408",C4,345.0,1.11290322580645
"2021-10-26 13:29:11.457408",C5,326.0,1.05161290322581
"2021-10-26 13:29:11.457408",C6,315.0,1.01612903225806
"2021-10-26 13:29:11.457408",C7,283.0,0.912903225806451
"2021-10-26 13:29:11.457408",C8,289.0,0.932258064516129
"2021-10-26 13:29:11.457408",C9,301.0,0.967741935483871
"2021-10-26 13:29:11.457408",C10,305.0,0.987096774193548
"2021-10-26 13:29:16.544301",C1,324.0,1.04516129032258
"2021-10-26 13:29:16.544301",C2,326.0,1.05161290322581
"2021-10-26 13:29:16.544301",C3,325.0,1.04838709677419
"2021-10-26 13:29:16.544301",C4,345.0,1.11290322580645
"2021-10-26 13:29:16.544301",C5,326.0,1.05161290322581
"2021-10-26 13:29:16.544301",C6,315.0,1.01935483870968
"2021-10-26 13:29:16.544301",C7,284.0,0.912903225806451
"2021-10-26 13:29:16.544301",C8,289.0,0.932258064516129
"2021-10-26 13:29:16.544301",C9,301.0,0.970967741935484
"2021-10-26 13:29:16.544301",C10,306.0,0.987096774193548
"2021-10-26 13:29:21.631618",C1,324.0,1.04516129032258
"2021-10-26 13:29:21.631618",C2,326.0,1.05161290322581
"2021-10-26 13:29:21.631618",C3,325.0,1.04838709677419
"2021-10-26 13:29:21.631618",C4,345.0,1.11290322580645
"2021-10-26 13:29:21.631618",C5,326.0,1.05161290322581
"2021-10-26 13:29:21.631618",C6,315.0,1.01612903225806
"2021-10-26 13:29:21.631618",C7,283.0,0.912903225806451
"2021-10-26 13:29:21.631618",C8,289.0,0.932258064516129
"2021-10-26 13:29:21.631618",C9,300.0,0.967741935483871
"2021-10-26 13:29:21.631618",C10,305.0,0.983870967741936
"2021-10-26 13:29:26.719143",C1,324.0,1.04516129032258
"2021-10-26 13:29:26.719143",C2,326.0,1.05161290322581
"2021-10-26 13:29:26.719143",C3,325.0,1.04838709677419
"2021-10-26 13:29:26.719143",C4,345.0,1.11290322580645
"2021-10-26 13:29:26.719143",C5,326.0,1.05161290322581
"2021-10-26 13:29:26.719143",C6,315.0,1.01612903225806
"2021-10-26 13:29:26.719143",C7,283.0,0.912903225806451
"2021-10-26 13:29:26.719143",C8,289.0,0.932258064516129
"2021-10-26 13:29:26.719143",C9,301.0,0.970967741935484
"2021-10-26 13:29:26.719143",C10,306.0,0.983870967741936
"2021-10-26 13:29:31.806546",C1,324.0,1.04516129032258
"2021-10-26 13:29:31.806546",C2,326.0,1.05161290322581
"2021-10-26 13:29:31.806546",C3,325.0,1.05161290322581
"2021-10-26 13:29:31.806546",C4,344.0,1.11290322580645
"2021-10-26 13:29:31.806546",C5,326.0,1.05161290322581
"2021-10-26 13:29:31.806546",C6,316.0,1.01935483870968
"2021-10-26 13:29:31.806546",C7,284.0,0.916129032258064
"2021-10-26 13:29:31.806546",C8,289.0,0.932258064516129
"2021-10-26 13:29:31.806546",C9,301.0,0.970967741935484
"2021-10-26 13:29:31.806546",C10,306.0,0.987096774193548
"2021-10-26 13:29:36.893907",C1,324.0,1.04516129032258
"2021-10-26 13:29:36.893907",C2,326.0,1.05161290322581
"2021-10-26 13:29:36.893907",C3,325.0,1.04838709677419
"2021-10-26 13:29:36.893907",C4,344.0,1.10967741935484
"2021-10-26 13:29:36.893907",C5,326.0,1.05161290322581
"2021-10-26 13:29:36.893907",C6,316.0,1.01935483870968
"2021-10-26 13:29:36.893907",C7,284.0,0.916129032258064
"2021-10-26 13:29:36.893907",C8,289.0,0.932258064516129
"2021-10-26 13:29:36.893907",C9,301.0,0.970967741935484
"2021-10-26 13:29:36.893907",C10,306.0,0.987096774193548
"2021-10-26 13:29:41.981236",C1,324.0,1.04516129032258
"2021-10-26 13:29:41.981236",C2,326.0,1.05161290322581
"2021-10-26 13:29:41.981236",C3,325.0,1.04838709677419
"2021-10-26 13:29:41.981236",C4,344.0,1.10967741935484
"2021-10-26 13:29:41.981236",C5,326.0,1.05161290322581
"2021-10-26 13:29:41.981236",C6,316.0,1.01935483870968
"2021-10-26 13:29:41.981236",C7,284.0,0.916129032258064
"2021-10-26 13:29:41.981236",C8,289.0,0.932258064516129
"2021-10-26 13:29:41.981236",C9,301.0,0.970967741935484
"2021-10-26 13:29:41.981236",C10,306.0,0.987096774193548
"2021-10-26 13:29:47.072743",C1,324.0,1.04516129032258
"2021-10-26 13:29:47.072743",C2,326.0,1.05161290322581
"2021-10-26 13:29:47.072743",C3,325.0,1.04838709677419
"2021-10-26 13:29:47.072743",C4,344.0,1.10967741935484
"2021-10-26 13:29:47.072743",C5,326.0,1.05161290322581
"2021-10-26 13:29:47.072743",C6,316.0,1.01935483870968
"2021-10-26 13:29:47.072743",C7,284.0,0.916129032258064
"2021-10-26 13:29:47.072743",C8,289.0,0.932258064516129
"2021-10-26 13:29:47.072743",C9,301.0,0.970967741935484
"2021-10-26 13:29:47.072743",C10,306.0,0.987096774193548
